id,tournamentId,playerId,amount,type,status,notes,createdAt,updatedAt
95f2ae57-2cc5-4af0-af48-b3dc15f174ab,36f3d474-c803-4370-be86-96369bd6ef5f,c0daa11c-0615-4cb4-ba69-83ce651c55fe,150,BUY_IN,PENDING,,2025-04-15 20:19:39.922,2025-04-15 20:19:39.922
0323472f-5a9b-474f-8766-30ded7bf4745,36f3d474-c803-4370-be86-96369bd6ef5f,c0daa11c-0615-4cb4-ba69-83ce651c55fe,30,CTP_ENTRY,PAID,,2025-04-15 20:19:39.925,2025-04-15 20:19:39.925
cf1b851e-00a2-44f0-b2cb-fe490206e951,36f3d474-c803-4370-be86-96369bd6ef5f,c0daa11c-0615-4cb4-ba69-83ce651c55fe,20,SKINS_ENTRY,PENDING,,2025-04-15 20:19:39.928,2025-04-15 20:19:39.928
f735e7c8-2143-4d9b-83f9-dff5674819d9,36f3d474-c803-4370-be86-96369bd6ef5f,fd3f6031-0fdf-4a14-ad67-a7cc324d015f,150,BUY_IN,PAID,,2025-04-15 18:42:49.641,2025-04-16 14:17:54.316
cd3383b1-886c-4407-bd61-517b21f69f3f,36f3d474-c803-4370-be86-96369bd6ef5f,fd3f6031-0fdf-4a14-ad67-a7cc324d015f,30,CTP_ENTRY,PENDING,,2025-04-15 20:10:35.16,2025-04-16 14:17:54.321
b2e07dd5-6f6a-4e34-ba98-8ce59d2c4995,36f3d474-c803-4370-be86-96369bd6ef5f,fd3f6031-0fdf-4a14-ad67-a7cc324d015f,20,SKINS_ENTRY,PENDING,,2025-04-15 20:10:35.163,2025-04-16 14:17:54.324
754c4981-63cb-4cd6-8043-41e7a24d467b,36f3d474-c803-4370-be86-96369bd6ef5f,10bd879d-b059-415a-a61a-48e1bf20531e,150,BUY_IN,PAID,,2025-04-15 20:06:02.683,2025-04-16 14:22:28.495
2482ea2c-a672-46c9-8080-9e11f6879f18,36f3d474-c803-4370-be86-96369bd6ef5f,10bd879d-b059-415a-a61a-48e1bf20531e,30,CTP_ENTRY,PENDING,,2025-04-15 20:08:26.916,2025-04-16 14:22:28.497
dcac4bb0-b02a-4612-a971-f0c9e5917e48,36f3d474-c803-4370-be86-96369bd6ef5f,10bd879d-b059-415a-a61a-48e1bf20531e,20,SKINS_ENTRY,PENDING,,2025-04-15 20:08:26.919,2025-04-16 14:22:28.499
