id,number,par,handicap,distance,courseId,createdAt,updatedAt
1c192a36-d9ae-42d6-a7cd-7cb46f8f6c44,1,4,1,350,3cdd5122-d9a4-44e1-a67d-15aeb0da6efe,2025-04-15 02:44:25.726000,2025-04-15 02:44:25.726000
574ae3e9-1447-493f-8b67-606221663d12,2,4,2,350,3cdd5122-d9a4-44e1-a67d-15aeb0da6efe,2025-04-15 02:44:25.726000,2025-04-15 02:44:25.726000
06f9df5c-2223-4646-9c7c-8dc68b38470f,3,4,3,350,3cdd5122-d9a4-44e1-a67d-15aeb0da6efe,2025-04-15 02:44:25.726000,2025-04-15 02:44:25.726000
a1873fa3-6d20-4f42-801a-32ce7f9ef985,4,4,4,350,3cdd5122-d9a4-44e1-a67d-15aeb0da6efe,2025-04-15 02:44:25.726000,2025-04-15 02:44:25.726000
4cd8529b-28b4-4772-a0f6-71c3f0e5382a,5,4,5,350,3cdd5122-d9a4-44e1-a67d-15aeb0da6efe,2025-04-15 02:44:25.726000,2025-04-15 02:44:25.726000
000083de-2c9d-4a62-a4c3-44ae52ba163b,6,4,6,350,3cdd5122-d9a4-44e1-a67d-15aeb0da6efe,2025-04-15 02:44:25.726000,2025-04-15 02:44:25.726000
7f4b8e10-d7a2-4f0b-9545-6530f46f875b,7,4,7,350,3cdd5122-d9a4-44e1-a67d-15aeb0da6efe,2025-04-15 02:44:25.726000,2025-04-15 02:44:25.726000
5ad0e607-ebc8-4fad-a316-3b2dfed35998,8,4,8,350,3cdd5122-d9a4-44e1-a67d-15aeb0da6efe,2025-04-15 02:44:25.726000,2025-04-15 02:44:25.726000
cd7c0957-85b8-4fee-babb-9b122a604daa,9,4,9,350,3cdd5122-d9a4-44e1-a67d-15aeb0da6efe,2025-04-15 02:44:25.726000,2025-04-15 02:44:25.726000
29f20d30-8c32-4b72-9152-287b632148ee,10,4,10,350,3cdd5122-d9a4-44e1-a67d-15aeb0da6efe,2025-04-15 02:44:25.726000,2025-04-15 02:44:25.726000
89547b70-999d-44b1-a665-eb698e70992a,11,4,11,350,3cdd5122-d9a4-44e1-a67d-15aeb0da6efe,2025-04-15 02:44:25.726000,2025-04-15 02:44:25.726000
209670f0-1fda-44de-9ed5-3df05f8f27ea,12,4,12,350,3cdd5122-d9a4-44e1-a67d-15aeb0da6efe,2025-04-15 02:44:25.726000,2025-04-15 02:44:25.726000
056ccc11-8378-4b2c-b001-7803fe5f3f18,13,4,13,350,3cdd5122-d9a4-44e1-a67d-15aeb0da6efe,2025-04-15 02:44:25.726000,2025-04-15 02:44:25.726000
e34b9b1f-0fbb-4fa9-95d3-613b9b4de18d,14,4,14,350,3cdd5122-d9a4-44e1-a67d-15aeb0da6efe,2025-04-15 02:44:25.726000,2025-04-15 02:44:25.726000
5ee5b3fc-7c5f-4186-9eb3-eacd52888bce,15,4,15,350,3cdd5122-d9a4-44e1-a67d-15aeb0da6efe,2025-04-15 02:44:25.726000,2025-04-15 02:44:25.726000
4c01a1d5-e846-4b88-83ae-ed1cdc8b8254,16,4,16,350,3cdd5122-d9a4-44e1-a67d-15aeb0da6efe,2025-04-15 02:44:25.726000,2025-04-15 02:44:25.726000
42ba815a-5d5f-4893-b5dd-1682718855b8,17,4,17,350,3cdd5122-d9a4-44e1-a67d-15aeb0da6efe,2025-04-15 02:44:25.726000,2025-04-15 02:44:25.726000
94475601-5da8-449b-ba0b-31b2f83ddada,18,4,18,350,3cdd5122-d9a4-44e1-a67d-15aeb0da6efe,2025-04-15 02:44:25.726000,2025-04-15 02:44:25.726000
c156366e-9454-4112-b742-84bf9748d521,1,4,1,350,2a1f27a5-86b1-4e81-a6e3-aa274c59fece,2025-04-15 02:44:44.925000,2025-04-15 02:44:44.925000
e00d4bf6-b750-4a7e-abba-40fab41d1a8f,2,4,2,350,2a1f27a5-86b1-4e81-a6e3-aa274c59fece,2025-04-15 02:44:44.925000,2025-04-15 02:44:44.925000
2a4521a2-67f5-44db-8d10-2ba4e6831e95,3,4,3,350,2a1f27a5-86b1-4e81-a6e3-aa274c59fece,2025-04-15 02:44:44.925000,2025-04-15 02:44:44.925000
26293270-3b75-4b7c-aa19-69b1b445db9c,4,4,4,350,2a1f27a5-86b1-4e81-a6e3-aa274c59fece,2025-04-15 02:44:44.925000,2025-04-15 02:44:44.925000
9889ddc5-fbe4-4251-82c4-90c2198e8088,5,4,5,350,2a1f27a5-86b1-4e81-a6e3-aa274c59fece,2025-04-15 02:44:44.925000,2025-04-15 02:44:44.925000
2d2b6609-2d58-41b6-abb8-b2bb115abe40,6,4,6,350,2a1f27a5-86b1-4e81-a6e3-aa274c59fece,2025-04-15 02:44:44.925000,2025-04-15 02:44:44.925000
63e2a21f-2854-4941-bb4d-1ac959651e8e,7,4,7,350,2a1f27a5-86b1-4e81-a6e3-aa274c59fece,2025-04-15 02:44:44.925000,2025-04-15 02:44:44.925000
4a9e07d6-abaa-41a5-88c4-b103aa57a9a9,8,4,8,350,2a1f27a5-86b1-4e81-a6e3-aa274c59fece,2025-04-15 02:44:44.925000,2025-04-15 02:44:44.925000
2f09237e-d4c5-4c3e-bca2-c3ef206a67dc,9,4,9,350,2a1f27a5-86b1-4e81-a6e3-aa274c59fece,2025-04-15 02:44:44.925000,2025-04-15 02:44:44.925000
6bac82a5-c674-4189-84c4-5dda5dfb37a4,10,4,10,350,2a1f27a5-86b1-4e81-a6e3-aa274c59fece,2025-04-15 02:44:44.925000,2025-04-15 02:44:44.925000
e482624b-8e9b-49bb-a36c-6db956183e0e,11,4,11,350,2a1f27a5-86b1-4e81-a6e3-aa274c59fece,2025-04-15 02:44:44.925000,2025-04-15 02:44:44.925000
02da8de8-580d-43a1-a515-f1706063d7f5,12,4,12,350,2a1f27a5-86b1-4e81-a6e3-aa274c59fece,2025-04-15 02:44:44.925000,2025-04-15 02:44:44.925000
2bb0fb5e-655d-44ed-b7c3-aadd676557e2,13,4,13,350,2a1f27a5-86b1-4e81-a6e3-aa274c59fece,2025-04-15 02:44:44.925000,2025-04-15 02:44:44.925000
97ecc253-7274-4659-be01-121f7659960e,14,4,14,350,2a1f27a5-86b1-4e81-a6e3-aa274c59fece,2025-04-15 02:44:44.925000,2025-04-15 02:44:44.925000
8956d33d-4351-42a6-8458-9b37f5ece335,15,4,15,350,2a1f27a5-86b1-4e81-a6e3-aa274c59fece,2025-04-15 02:44:44.925000,2025-04-15 02:44:44.925000
6ade7048-ac6d-4671-949a-790ab4fc2839,16,4,16,350,2a1f27a5-86b1-4e81-a6e3-aa274c59fece,2025-04-15 02:44:44.925000,2025-04-15 02:44:44.925000
dff9eb59-52d9-4daf-bf91-1261075978f1,17,4,17,350,2a1f27a5-86b1-4e81-a6e3-aa274c59fece,2025-04-15 02:44:44.925000,2025-04-15 02:44:44.925000
b88d1720-411b-45ab-a3dc-cab40ed62799,18,4,18,350,2a1f27a5-86b1-4e81-a6e3-aa274c59fece,2025-04-15 02:44:44.925000,2025-04-15 02:44:44.925000
52e5ad0e-60d1-4036-8163-a64d0afdd7b5,1,4,1,350,a7b5c1d9-2063-4737-a37b-82edca6a1de7,2025-04-15 02:45:09.869000,2025-04-15 02:45:09.869000
840144bf-9dea-4ee9-acd3-2b8364176a14,2,4,2,350,a7b5c1d9-2063-4737-a37b-82edca6a1de7,2025-04-15 02:45:09.869000,2025-04-15 02:45:09.869000
1e44cc35-c0fa-43a8-ba5a-3e9df036d498,3,4,3,350,a7b5c1d9-2063-4737-a37b-82edca6a1de7,2025-04-15 02:45:09.869000,2025-04-15 02:45:09.869000
26a686d8-5630-469a-98fa-23c9736ec677,4,4,4,350,a7b5c1d9-2063-4737-a37b-82edca6a1de7,2025-04-15 02:45:09.869000,2025-04-15 02:45:09.869000
adf43aaf-59da-4821-992e-bd71cad83eeb,5,4,5,350,a7b5c1d9-2063-4737-a37b-82edca6a1de7,2025-04-15 02:45:09.869000,2025-04-15 02:45:09.869000
f4a026aa-bef8-49a7-85e6-105749ad6384,6,4,6,350,a7b5c1d9-2063-4737-a37b-82edca6a1de7,2025-04-15 02:45:09.869000,2025-04-15 02:45:09.869000
1d415310-5394-4033-b5e2-ee662bb7f63c,7,4,7,350,a7b5c1d9-2063-4737-a37b-82edca6a1de7,2025-04-15 02:45:09.869000,2025-04-15 02:45:09.869000
ec83415a-4642-485c-a5a9-66261be6162d,8,4,8,350,a7b5c1d9-2063-4737-a37b-82edca6a1de7,2025-04-15 02:45:09.869000,2025-04-15 02:45:09.869000
5bd0c6bd-ef2d-40ed-92f6-c43032f6c7ba,9,4,9,350,a7b5c1d9-2063-4737-a37b-82edca6a1de7,2025-04-15 02:45:09.869000,2025-04-15 02:45:09.869000
e5cc06fc-afc6-464f-abba-31271e619117,10,4,10,350,a7b5c1d9-2063-4737-a37b-82edca6a1de7,2025-04-15 02:45:09.869000,2025-04-15 02:45:09.869000
177bb8a1-ed64-4d06-9a78-9dd705b0496d,11,4,11,350,a7b5c1d9-2063-4737-a37b-82edca6a1de7,2025-04-15 02:45:09.869000,2025-04-15 02:45:09.869000
11158d35-ebcf-4cc7-86a6-4fa79e0aa3c8,12,4,12,350,a7b5c1d9-2063-4737-a37b-82edca6a1de7,2025-04-15 02:45:09.869000,2025-04-15 02:45:09.869000
393da5ad-22b8-4aaa-9c95-a9aa65b9592f,13,4,13,350,a7b5c1d9-2063-4737-a37b-82edca6a1de7,2025-04-15 02:45:09.869000,2025-04-15 02:45:09.869000
bdd766b8-d3ad-47b3-b104-2394a8fc7fc0,14,4,14,350,a7b5c1d9-2063-4737-a37b-82edca6a1de7,2025-04-15 02:45:09.869000,2025-04-15 02:45:09.869000
13f50ce1-47a3-4016-b14c-f1973a38f098,15,4,15,350,a7b5c1d9-2063-4737-a37b-82edca6a1de7,2025-04-15 02:45:09.869000,2025-04-15 02:45:09.869000
fbb93766-8674-4684-be89-2b72fd1de40d,16,4,16,350,a7b5c1d9-2063-4737-a37b-82edca6a1de7,2025-04-15 02:45:09.869000,2025-04-15 02:45:09.869000
f19831b6-376c-4435-8725-512c3f8dc978,17,4,17,350,a7b5c1d9-2063-4737-a37b-82edca6a1de7,2025-04-15 02:45:09.869000,2025-04-15 02:45:09.869000
7209f445-e605-48f8-bc45-c2a82cd6263b,18,4,18,350,a7b5c1d9-2063-4737-a37b-82edca6a1de7,2025-04-15 02:45:09.869000,2025-04-15 02:45:09.869000
334f65d4-aee0-4af8-b527-73a987112bda,1,4,1,350,c7226449-81c2-4a8c-8079-cf4b0a4d583b,2025-04-15 02:45:33.999000,2025-04-15 02:45:33.999000
184763d1-64f7-4368-a6e2-e5a286fa2579,2,4,2,350,c7226449-81c2-4a8c-8079-cf4b0a4d583b,2025-04-15 02:45:33.999000,2025-04-15 02:45:33.999000
7926f8e6-d686-4504-b3e3-8a07ce9c799c,3,4,3,350,c7226449-81c2-4a8c-8079-cf4b0a4d583b,2025-04-15 02:45:33.999000,2025-04-15 02:45:33.999000
cbcd856b-3a73-45ba-a1cf-f6b39841f119,4,4,4,350,c7226449-81c2-4a8c-8079-cf4b0a4d583b,2025-04-15 02:45:33.999000,2025-04-15 02:45:33.999000
b4a75aaf-a458-4196-89ce-135bdf40e6ce,5,4,5,350,c7226449-81c2-4a8c-8079-cf4b0a4d583b,2025-04-15 02:45:33.999000,2025-04-15 02:45:33.999000
9d18a5e5-763f-4f49-b177-876e7ece67e6,6,4,6,350,c7226449-81c2-4a8c-8079-cf4b0a4d583b,2025-04-15 02:45:33.999000,2025-04-15 02:45:33.999000
010a6848-3cf2-4711-91c8-52941b9401a5,7,4,7,350,c7226449-81c2-4a8c-8079-cf4b0a4d583b,2025-04-15 02:45:33.999000,2025-04-15 02:45:33.999000
9ce73be8-c3a2-4cdd-b2b9-8f72e3fb22f2,8,4,8,350,c7226449-81c2-4a8c-8079-cf4b0a4d583b,2025-04-15 02:45:33.999000,2025-04-15 02:45:33.999000
2bab8923-20e4-42a7-8059-d93a529a02d2,9,4,9,350,c7226449-81c2-4a8c-8079-cf4b0a4d583b,2025-04-15 02:45:33.999000,2025-04-15 02:45:33.999000
0f6b6d81-3d5d-4aa6-b684-fdfa97f98a2d,10,4,10,350,c7226449-81c2-4a8c-8079-cf4b0a4d583b,2025-04-15 02:45:33.999000,2025-04-15 02:45:33.999000
2f838528-6e53-4060-aaeb-c2bccad5751c,11,4,11,350,c7226449-81c2-4a8c-8079-cf4b0a4d583b,2025-04-15 02:45:33.999000,2025-04-15 02:45:33.999000
fe5c6bd6-0855-4e39-bc41-3ee4bbc9a6db,12,4,12,350,c7226449-81c2-4a8c-8079-cf4b0a4d583b,2025-04-15 02:45:33.999000,2025-04-15 02:45:33.999000
cd81c9cf-dd63-4401-bcc2-c311ec9fd63a,13,4,13,350,c7226449-81c2-4a8c-8079-cf4b0a4d583b,2025-04-15 02:45:33.999000,2025-04-15 02:45:33.999000
492c2ae6-b115-407b-a06b-48dc15802dcf,14,4,14,350,c7226449-81c2-4a8c-8079-cf4b0a4d583b,2025-04-15 02:45:33.999000,2025-04-15 02:45:33.999000
ac505269-c5b6-4f37-bfcf-b7da41a52655,15,4,15,350,c7226449-81c2-4a8c-8079-cf4b0a4d583b,2025-04-15 02:45:33.999000,2025-04-15 02:45:33.999000
08c76464-6cd1-4f00-83fd-9ceeb65e0ae9,16,4,16,350,c7226449-81c2-4a8c-8079-cf4b0a4d583b,2025-04-15 02:45:33.999000,2025-04-15 02:45:33.999000
f1abd50c-9b4c-41bd-8188-220398ce7584,17,4,17,350,c7226449-81c2-4a8c-8079-cf4b0a4d583b,2025-04-15 02:45:33.999000,2025-04-15 02:45:33.999000
33bb3f19-d4ca-494d-9689-c752b3137924,18,4,18,350,c7226449-81c2-4a8c-8079-cf4b0a4d583b,2025-04-15 02:45:33.999000,2025-04-15 02:45:33.999000
869b3fb3-1b44-480f-bffe-5be4f6c35d1e,1,4,1,350,07d68cf5-2817-49a0-93ff-a5e41caee47c,2025-04-15 02:46:32.718000,2025-04-15 02:46:32.718000
12561dee-fb57-4964-b628-ef26ee114c00,2,4,2,350,07d68cf5-2817-49a0-93ff-a5e41caee47c,2025-04-15 02:46:32.718000,2025-04-15 02:46:32.718000
85f2ba0b-8d82-463a-b901-6ab113c6079c,3,4,3,350,07d68cf5-2817-49a0-93ff-a5e41caee47c,2025-04-15 02:46:32.718000,2025-04-15 02:46:32.718000
5fa4efef-9b39-401b-9c81-0c89e985b0b7,4,4,4,350,07d68cf5-2817-49a0-93ff-a5e41caee47c,2025-04-15 02:46:32.718000,2025-04-15 02:46:32.718000
5320e1dc-2f07-4344-b000-970ad8a64769,5,4,5,350,07d68cf5-2817-49a0-93ff-a5e41caee47c,2025-04-15 02:46:32.718000,2025-04-15 02:46:32.718000
3176fde0-ccd2-4dbb-8745-25178d5cf263,6,4,6,350,07d68cf5-2817-49a0-93ff-a5e41caee47c,2025-04-15 02:46:32.718000,2025-04-15 02:46:32.718000
5d56d820-9416-489b-9629-16b01d7e21ee,7,4,7,350,07d68cf5-2817-49a0-93ff-a5e41caee47c,2025-04-15 02:46:32.718000,2025-04-15 02:46:32.718000
3689ad88-40ed-4f8c-a1e9-941552b5bcfe,8,4,8,350,07d68cf5-2817-49a0-93ff-a5e41caee47c,2025-04-15 02:46:32.718000,2025-04-15 02:46:32.718000
2b85e7d5-b47e-4314-918f-85f5486eb3c9,9,4,9,350,07d68cf5-2817-49a0-93ff-a5e41caee47c,2025-04-15 02:46:32.718000,2025-04-15 02:46:32.718000
5a7d77a2-f848-4c85-a048-f633bf27ef24,10,4,10,350,07d68cf5-2817-49a0-93ff-a5e41caee47c,2025-04-15 02:46:32.718000,2025-04-15 02:46:32.718000
bb18b2ed-c870-49e0-81e9-8693613e7cd5,11,4,11,350,07d68cf5-2817-49a0-93ff-a5e41caee47c,2025-04-15 02:46:32.718000,2025-04-15 02:46:32.718000
419d4963-b128-4fce-9066-70e0dab5d404,12,4,12,350,07d68cf5-2817-49a0-93ff-a5e41caee47c,2025-04-15 02:46:32.718000,2025-04-15 02:46:32.718000
7601f151-21fc-4192-bf22-7e30101db2f7,13,4,13,350,07d68cf5-2817-49a0-93ff-a5e41caee47c,2025-04-15 02:46:32.718000,2025-04-15 02:46:32.718000
eba17bc2-899a-4dc2-84fc-372ba12718ac,14,4,14,350,07d68cf5-2817-49a0-93ff-a5e41caee47c,2025-04-15 02:46:32.718000,2025-04-15 02:46:32.718000
f8eca215-8339-493d-8ea4-0ab5fdbdb825,15,4,15,350,07d68cf5-2817-49a0-93ff-a5e41caee47c,2025-04-15 02:46:32.718000,2025-04-15 02:46:32.718000
7874c8f6-cb5e-47bc-966b-cf506be257fb,16,4,16,350,07d68cf5-2817-49a0-93ff-a5e41caee47c,2025-04-15 02:46:32.718000,2025-04-15 02:46:32.718000
0be698c0-345f-444f-8d3d-cdd705b82f18,17,4,17,350,07d68cf5-2817-49a0-93ff-a5e41caee47c,2025-04-15 02:46:32.718000,2025-04-15 02:46:32.718000
fe906b34-0bbb-484d-bf34-5f7786a1af4b,18,4,18,350,07d68cf5-2817-49a0-93ff-a5e41caee47c,2025-04-15 02:46:32.718000,2025-04-15 02:46:32.718000
